{"cameraMode":{"drawMode":0,"name":"Shaded","section":"Shading Mode"},"sceneLighting":true,"audioPlay":false,"sceneViewState":{"showFog":true,"showMaterialUpdate":false,"showSkybox":true,"showFlares":true,"showImageEffects":true,"showParticleSystems":true},"in2DMode":false,"pivot":{"x":468.68585205078127,"y":638.5792236328125,"z":-23.83919906616211},"rotation":{"x":-0.1669091135263443,"y":0.7123458385467529,"z":0.18089920282363892,"w":0.6572626829147339},"size":261.3000793457031,"orthographic":false}